Customer ID,Recency,Frequency,Monetary,Segment
AA-10315,9,19,13747.413,High
AA-10375,7,23,5884.195,Mid-Low
AA-10480,126,20,17695.58978,High
AA-10645,29,36,15343.8907,High
AA-315,3,7,2243.256,Mid-Low
AA-375,254,8,654.492,Low
AA-480,315,5,2063.493,Mid-Low
AA-645,52,11,1968.324,Mid-Low
AB-10015,17,32,20037.4975,High
AB-10060,43,32,18416.5504,High
AB-10105,28,33,22966.78,High
AB-10150,36,24,13057.294600000001,Mid-High
AB-10165,14,29,11649.265,Mid-High
AB-10255,6,31,10786.7164,Mid-High
AB-105,44,7,2156.4,Mid-Low
AB-10600,51,22,13318.6631,High
AB-15,413,5,4607.13,Mid-Low
AB-150,399,4,3143.88,Mid-Low
AB-165,17,6,1399.776,Low
AB-255,44,8,4679.502,Mid-Low
AB-60,36,9,1770.2279999999998,Mid-Low
AB-600,8,5,5408.55,Mid-Low
AC-10420,7,24,10607.6947,Mid-High
AC-10450,6,19,16126.3904,High
AC-10615,7,29,12729.72448,Mid-High
AC-10660,3,21,6255.61908,Mid-High
AC-420,14,9,1689.675,Mid-Low
AC-450,182,7,1026.597,Low
AC-615,93,7,2298.432,Mid-Low
AC-660,120,4,2676.09,Mid-Low
AD-10180,30,27,17858.5048,High
AD-180,6,3,681.288,Low
AF-10870,7,36,26487.2585,High
AF-10885,54,35,19711.16728,High
AF-870,6,9,1700.082,Mid-Low
AF-885,168,2,354.99,Low
AG-10270,41,25,10637.40422,Mid-High
AG-10300,3,24,13013.8762,Mid-High
AG-10330,9,29,14534.50618,High
AG-10390,115,19,8453.0096,Mid-High
AG-10495,79,29,15380.31006,High
AG-10525,13,20,8468.963,Mid-High
AG-10675,48,21,13023.836000000001,Mid-High
AG-10765,29,27,9824.7795,Mid-High
AG-10900,58,29,18174.17176,High
AG-270,14,8,2779.806,Mid-Low
AG-300,99,6,1703.31,Mid-Low
AG-330,3,7,532.545,Low
AG-390,113,4,473.112,Low
AG-495,49,11,1003.9920000000001,Low
AG-525,16,7,2870.676,Mid-Low
AG-675,174,10,2368.131,Mid-Low
AG-765,115,8,1859.5320000000002,Mid-Low
AG-900,24,4,1699.47,Mid-Low
AH-10030,13,27,14439.49784,High
AH-10075,3,34,18109.86142,High
AH-10120,61,22,9927.83588,Mid-High
AH-10195,50,25,12628.19178,Mid-High
AH-10210,7,34,20365.74018,High
AH-10465,71,20,8547.83068,Mid-High
AH-10585,22,22,9125.8911,Mid-High
AH-10690,31,31,16276.16112,High
AH-120,22,4,1478.0819999999999,Low
AH-195,279,9,2651.565,Mid-Low
AH-210,458,4,3277.11,Mid-Low
AH-30,469,7,6320.0160000000005,Mid-High
AH-465,242,4,650.826,Low
AH-585,76,9,2232.222,Mid-Low
AH-690,59,5,1817.898,Mid-Low
AH-75,38,8,3608.34,Mid-Low
AI-10855,14,22,8358.6023,Mid-High
AI-855,204,4,919.974,Low
AJ-10780,49,25,15186.0672,High
AJ-10795,63,22,8887.077,Mid-High
AJ-10945,29,29,11087.024,Mid-High
AJ-10960,49,17,8633.59348,Mid-High
AJ-780,2,12,2570.994,Mid-Low
AJ-795,37,10,3395.58,Mid-Low
AJ-945,105,7,4860.924,Mid-Low
AJ-960,295,10,4629.156,Mid-Low
AM-10360,16,33,16730.3296,High
AM-10705,26,30,24218.5645,High
AM-360,176,6,2035.827,Mid-Low
AM-705,137,6,1303.77,Low
AO-10810,37,27,14537.7966,High
AO-810,8,5,485.007,Low
AP-10720,42,20,15362.0613,High
AP-10915,77,32,15877.8603,High
AP-720,38,6,999.699,Low
AP-915,93,5,2668.08,Mid-Low
AR-10345,30,26,14165.796199999999,High
AR-10405,55,22,8956.82078,Mid-High
AR-10510,15,29,14277.88536,High
AR-10540,7,15,7983.9505,Mid-High
AR-10570,3,18,9445.64932,Mid-High
AR-10825,23,38,15311.035600000001,High
AR-345,142,9,2301.072,Mid-Low
AR-405,223,6,571.11,Low
AR-510,105,10,2638.638,Mid-Low
AR-540,222,8,561.6,Low
AR-570,71,9,2044.278,Mid-Low
AR-825,34,7,2028.9119999999998,Mid-Low
AS-10045,24,28,12596.2944,Mid-High
AS-10090,16,32,15009.47272,High
AS-10135,42,19,7307.2442,Mid-High
AS-10225,13,28,21366.8987,High
AS-10240,13,31,9006.66636,Mid-High
AS-10285,19,30,16179.86246,High
AS-10630,36,19,9815.9395,Mid-High
AS-135,93,5,3978.81,Mid-Low
AS-225,3,7,469.515,Low
AS-240,499,5,1686.51,Mid-Low
AS-285,100,13,4938.4619999999995,Mid-Low
AS-45,234,3,1616.334,Low
AS-630,34,11,2000.01,Mid-Low
AS-90,22,4,435.204,Low
AT-10435,13,24,13654.3055,High
AT-10735,3,29,12984.1049,Mid-High
AT-435,29,12,1287.993,Low
AT-735,70,5,403.65000000000003,Low
AW-10840,17,25,13200.25552,High
AW-10930,36,22,10230.95856,Mid-High
AW-840,57,7,1947.0,Mid-Low
AW-930,38,6,782.0550000000001,Low
AY-10555,15,16,5446.61044,Mid-Low
AY-555,36,11,3096.42,Mid-Low
AZ-10750,71,18,9639.801,Mid-High
AZ-750,27,10,2231.277,Mid-Low
BB-10990,15,30,9064.5327,Mid-High
BB-11545,29,26,15797.57188,High
BB-1545,50,5,207.228,Low
BB-990,51,7,822.288,Low
BC-11125,34,28,14789.447,High
BC-1125,30,6,396.042,Low
BD-11320,6,32,13390.267,High
BD-11500,20,27,13089.8495,Mid-High
BD-11560,8,19,9356.77974,Mid-High
BD-11605,98,19,9202.66214,Mid-High
BD-11620,50,25,7849.0000199999995,Mid-High
BD-11635,10,25,11230.6983,Mid-High
BD-11725,5,30,10877.827,Mid-High
BD-11770,36,26,10168.32526,Mid-High
BD-1320,6,6,1885.05,Mid-Low
BD-1500,399,3,52.047,Low
BD-1560,91,5,1564.02,Low
BD-1605,276,5,689.64,Low
BD-1620,118,11,2919.597,Mid-Low
BD-1635,325,9,5689.263,Mid-Low
BD-1725,101,13,5078.400000000001,Mid-Low
BD-1770,239,5,3405.066,Mid-Low
BE-11335,36,37,27158.0184,High
BE-11410,85,30,16552.06996,High
BE-11455,4,27,17643.5253,High
BE-1335,573,5,1321.1490000000001,Low
BE-1410,22,7,1859.859,Mid-Low
BE-1455,147,2,1340.31,Low
BF-1005,735,2,732.033,Low
BF-1020,97,7,3006.996,Mid-Low
BF-1080,210,6,3808.17,Mid-Low
BF-10975,36,22,8104.7792,Mid-High
BF-11005,9,25,23347.83866,High
BF-11020,16,24,10201.2813,Mid-High
BF-11080,26,21,10134.5617,Mid-High
BF-11170,17,31,22314.84044,High
BF-11215,27,27,12968.9385,Mid-High
BF-11275,7,23,9578.59864,Mid-High
BF-1170,194,6,904.9200000000001,Low
BF-1215,118,5,398.91900000000004,Low
BF-1275,129,7,1009.9739999999999,Low
BF-975,23,8,1730.232,Mid-Low
BG-1035,601,1,124.416,Low
BG-11035,29,33,19899.1474,High
BG-11695,10,19,10723.32038,Mid-High
BG-11740,7,24,14689.342499999999,High
BG-1695,45,5,488.84999999999997,Low
BG-1740,17,4,692.454,Low
BH-11710,24,31,23537.335,High
BH-1710,94,10,4583.286,Mid-Low
BK-11260,27,27,13294.68736,High
BK-1260,41,6,291.564,Low
BM-11140,9,29,25312.2927,High
BM-1140,14,6,1857.69,Mid-Low
BM-11575,35,25,10351.33308,Mid-High
BM-11650,34,24,14920.99608,High
BM-11785,3,36,18446.8529,High
BM-1575,41,9,1703.982,Mid-Low
BM-1650,482,8,2537.1059999999998,Mid-Low
BM-1785,49,9,2244.342,Mid-Low
BN-11470,12,29,23378.10388,High
BN-11515,10,23,10272.22552,Mid-High
BN-1470,23,7,2823.852,Mid-Low
BN-1515,28,8,2606.8019999999997,Mid-Low
BO-11350,112,20,7476.2546999999995,Mid-High
BO-11425,6,21,12356.58552,Mid-High
BO-1350,22,6,616.236,Low
BO-1425,2,8,2671.257,Mid-Low
BP-1050,12,9,4981.542,Mid-Low
BP-1095,12,6,1759.668,Mid-Low
BP-11050,6,21,5403.78676,Mid-Low
BP-11095,3,32,8327.8696,Mid-High
BP-11155,33,24,13696.143460000001,High
BP-11185,2,28,15376.031719999999,High
BP-11230,40,23,12573.6136,Mid-High
BP-11290,13,29,12448.89978,Mid-High
BP-1155,262,6,1110.78,Low
BP-1185,5,10,1430.616,Low
BP-1230,84,8,6134.988,Mid-Low
BP-1290,370,4,383.34000000000003,Low
BS-11365,1,26,22551.02596,High
BS-11380,29,23,18305.9783,High
BS-11590,36,23,11358.58602,Mid-High
BS-11665,30,24,17468.881,High
BS-11755,2,29,17557.4595,High
BS-11800,10,21,10887.2118,Mid-High
BS-1365,38,5,957.63,Low
BS-1380,132,5,469.458,Low
BS-1590,238,5,819.4499999999999,Low
BS-1665,153,7,5101.907999999999,Mid-Low
BS-1755,296,5,1679.76,Mid-Low
BS-1800,12,9,6364.854,Mid-High
BT-11305,29,24,10321.82,Mid-High
BT-11395,29,24,11347.529,Mid-High
BT-11440,52,21,8263.9755,Mid-High
BT-11485,31,29,8878.05054,Mid-High
BT-11530,34,25,13808.318,High
BT-11680,19,22,14087.7631,High
BT-1305,32,10,1305.96,Low
BT-1395,34,4,448.848,Low
BT-1440,94,10,2132.565,Mid-Low
BT-1485,98,9,2803.974,Mid-Low
BT-1530,353,7,1535.781,Low
BT-1680,58,4,807.36,Low
BV-11245,45,22,20681.678,High
BV-1245,129,3,684.264,Low
BW-1065,23,5,9027.48,Mid-High
BW-11065,51,18,8409.0559,Mid-High
BW-1110,185,10,1696.83,Mid-Low
BW-11110,55,35,30613.6165,High
BW-11200,41,29,11862.36908,Mid-High
BW-1200,134,4,3105.816,Mid-Low
CA-11965,19,26,21110.5214,High
CA-12055,14,22,10691.028,Mid-High
CA-12265,35,31,18472.6689,High
CA-12310,14,21,7166.23086,Mid-High
CA-12775,94,26,18350.464,High
CA-1965,128,8,2883.141,Mid-Low
CA-2055,259,3,1601.73,Low
CA-2265,106,7,3364.638,Mid-Low
CA-2310,337,5,636.0600000000001,Low
CA-2775,310,4,1485.897,Low
CB-12025,10,25,11685.3186,Mid-High
CB-12415,27,23,12705.54736,Mid-High
CB-12535,43,27,18108.67284,High
CB-2025,23,5,1840.8899999999999,Mid-Low
CB-2415,517,4,1232.568,Low
CB-2535,8,2,147.12,Low
CC-12100,52,25,11500.12324,Mid-High
CC-12145,83,24,12190.6666,Mid-High
CC-12220,21,32,7308.7328,Mid-High
CC-12370,44,30,28229.8514,High
CC-12430,1,29,13997.592560000001,High
CC-12475,17,30,17159.80046,High
CC-12550,28,25,7908.65034,Mid-High
CC-12610,17,29,16822.64,High
CC-12670,17,28,9969.0279,Mid-High
CC-12685,55,20,12798.5442,Mid-High
CC-2100,61,5,1020.048,Low
CC-2145,505,6,1158.18,Low
CC-2220,22,12,4174.182,Mid-Low
CC-2370,7,9,6957.225,Mid-High
CC-2430,472,2,1041.57,Low
CC-2475,56,7,3709.881,Mid-Low
CC-2550,272,5,1433.3999999999999,Low
CC-2610,345,3,782.3879999999999,Low
CC-2670,147,6,1527.5819999999999,Low
CC-2685,132,5,4019.4120000000003,Mid-Low
CD-11920,3,27,18296.7474,High
CD-11980,2,23,11848.16246,Mid-High
CD-12280,42,24,16779.54838,High
CD-12790,77,25,13468.1145,High
CD-1920,315,4,1821.219,Mid-Low
CD-1980,7,7,1380.228,Low
CD-2280,13,7,1205.04,Low
CD-2790,132,7,1030.788,Low
CG-12040,22,19,3596.268,Mid-Low
CG-12520,29,18,13545.47002,High
CG-2040,379,5,518.94,Low
CG-2520,120,7,1116.204,Low
CH-12070,90,21,11122.55656,Mid-High
CH-2070,307,8,4545.6179999999995,Mid-Low
CJ-11875,14,23,12538.83296,Mid-High
CJ-12010,34,26,19356.0046,High
CJ-1875,33,6,1431.432,Low
CJ-2010,47,3,223.56,Low
CK-12205,5,38,13625.20784,High
CK-12325,62,27,9927.89832,Mid-High
CK-12595,44,33,16480.86618,High
CK-12760,58,26,6574.8044,Mid-High
CK-2205,80,5,950.697,Low
CK-2325,1,8,3125.295,Mid-Low
CK-2595,216,3,662.28,Low
CK-2760,38,12,4015.95,Mid-Low
CL-11890,14,31,17622.41136,High
CL-12565,6,30,17008.13588,High
CL-12700,9,31,17943.6508,High
CL-1890,93,9,560.745,Low
CL-2565,43,6,2775.636,Mid-Low
CL-2700,142,4,1432.374,Low
CM-11815,41,23,14362.8004,High
CM-11830,7,24,16828.819,High
CM-11935,37,18,9689.0124,Mid-High
CM-12115,9,20,14657.9493,High
CM-12160,27,26,17910.03942,High
CM-12190,1,25,11375.05222,Mid-High
CM-12235,43,22,11377.591,Mid-High
CM-12385,38,25,21882.96992,High
CM-12445,16,25,11971.70808,Mid-High
CM-12655,28,18,14188.72268,High
CM-12715,42,19,8392.5789,Mid-High
CM-1815,62,5,431.874,Low
CM-1830,114,13,4777.407,Mid-Low
CM-1935,49,7,459.294,Low
CM-2115,21,3,1907.3700000000001,Mid-Low
CM-2160,50,5,2245.92,Mid-Low
CM-2190,153,4,1451.49,Low
CM-2235,52,5,243.03,Low
CM-2385,575,4,580.614,Low
CM-2445,349,4,1741.578,Mid-Low
CM-2655,51,12,1389.834,Low
CM-2715,118,7,2838.264,Mid-Low
CP-12085,70,23,14183.8819,High
CP-12340,9,30,20109.46928,High
CP-2085,143,10,5585.7,Mid-Low
CP-2340,464,4,5044.65,Mid-Low
CR-12580,23,20,8700.3125,Mid-High
CR-12625,44,28,17271.20568,High
CR-12730,23,24,19487.963760000002,High
CR-12820,61,24,14470.55056,High
CR-2580,35,5,3057.2639999999997,Mid-Low
CR-2625,140,9,5079.897,Mid-Low
CR-2730,6,11,1359.576,Low
CR-2820,56,8,1188.012,Low
CS-11845,16,26,20471.0526,High
CS-11860,78,21,10555.92482,Mid-High
CS-11950,26,31,14222.97134,High
CS-12130,12,22,10981.231,Mid-High
CS-12175,61,29,16706.0963,High
CS-12250,27,30,12496.1053,Mid-High
CS-12355,7,31,9240.896999999999,Mid-High
CS-12400,2,23,10221.36436,Mid-High
CS-12460,7,23,20084.21728,High
CS-12490,3,30,11110.4965,Mid-High
CS-12505,28,16,11535.2464,Mid-High
CS-1845,25,8,1593.3120000000001,Low
CS-1860,51,9,1618.674,Low
CS-1950,136,5,714.072,Low
CS-2130,306,4,1367.268,Low
CS-2175,58,5,3340.098,Mid-Low
CS-2250,3,4,1917.624,Mid-Low
CS-2355,56,9,1307.16,Low
CS-2400,12,5,2293.17,Mid-Low
CS-2460,203,8,2671.227,Mid-Low
CS-2490,170,3,1664.13,Low
CS-2505,51,7,1894.5,Mid-Low
CT-11995,29,27,13715.79704,High
CT-1995,784,2,422.778,Low
CV-12295,40,20,9042.26818,Mid-High
CV-12805,5,20,9764.1306,Mid-High
CV-2295,86,9,1283.241,Low
CV-2805,258,7,5088.852,Mid-Low
CW-11905,9,25,12917.6316,Mid-High
CW-1905,385,4,1436.31,Low
CY-12745,61,31,13928.4683,High
CY-2745,493,4,293.034,Low
Co-12640,5,25,12279.23076,Mid-High
Co-2640,363,5,767.637,Low
DA-13450,14,25,13035.368260000001,Mid-High
DA-3450,15,4,2212.05,Mid-Low
DB-12910,3,27,12338.2837,Mid-High
DB-12970,218,11,9166.2092,Mid-High
DB-13060,17,26,23476.91166,High
DB-13120,6,16,5602.59462,Mid-Low
DB-13210,8,27,13743.5959,High
DB-13270,10,25,11690.3695,Mid-High
DB-13360,48,28,6919.81436,Mid-High
DB-13405,29,26,16083.95666,High
DB-13555,37,22,9415.2204,Mid-High
DB-13615,28,28,10031.4568,Mid-High
DB-13660,13,20,11397.064840000001,Mid-High
DB-2910,55,8,3051.18,Mid-Low
DB-2970,58,4,513.03,Low
DB-3060,9,8,2070.258,Mid-Low
DB-3120,359,4,671.232,Low
DB-3210,583,7,387.021,Low
DB-3270,49,2,886.23,Low
DB-3360,435,2,3691.53,Mid-Low
DB-3405,558,2,548.682,Low
DB-3555,6,3,971.1120000000001,Low
DB-3615,108,4,2824.152,Mid-Low
DB-3660,238,3,2207.712,Mid-Low
DC-12850,38,29,9307.3655,Mid-High
DC-13285,19,23,16164.6499,High
DC-2850,35,9,4131.144,Mid-Low
DC-3285,393,4,800.004,Low
DD-13570,42,24,8741.4648,Mid-High
DD-3570,64,8,2331.4139999999998,Mid-Low
DE-13255,20,22,10085.789999999999,Mid-High
DE-3255,49,8,2714.49,Mid-Low
DF-13135,10,18,10240.3839,Mid-High
DF-3135,44,4,1301.652,Low
DG-13300,31,28,13731.428,High
DG-3300,15,6,2982.312,Mid-Low
DH-13075,76,25,14128.6781,High
DH-13675,22,17,7817.3085,Mid-High
DH-3075,160,10,2063.682,Mid-Low
DH-3675,21,12,4661.844,Mid-Low
DJ-13420,23,28,22142.43114,High
DJ-13510,7,31,15420.2879,High
DJ-13630,13,27,12560.130000000001,Mid-High
DJ-3420,2,4,419.64,Low
DJ-3510,7,7,5976.6900000000005,Mid-Low
DJ-3630,35,6,1293.9479999999999,Low
DK-12835,22,32,17590.5547,High
DK-12895,46,22,18340.62916,High
DK-12985,2,35,14823.9685,High
DK-13090,9,36,19178.6392,High
DK-13150,11,22,15983.711,High
DK-13225,2,29,9246.4686,Mid-High
DK-13375,5,26,16258.534,High
DK-2835,22,11,3373.143,Mid-Low
DK-2895,147,6,1292.13,Low
DK-2985,1207,1,81.432,Low
DK-3090,69,3,273.76800000000003,Low
DK-3150,58,14,1577.874,Low
DK-3225,66,8,1407.984,Low
DK-3375,118,10,3846.78,Mid-Low
DL-12865,58,34,11185.7181,Mid-High
DL-12925,58,21,11364.6808,Mid-High
DL-13315,19,27,18505.6005,High
DL-13330,13,34,16781.631,High
DL-13495,23,27,15872.184000000001,High
DL-2865,203,7,1502.964,Low
DL-2925,38,7,831.996,Low
DL-3315,48,6,1746.87,Mid-Low
DL-3330,706,3,1159.3500000000001,Low
DL-3495,283,5,773.604,Low
DM-12955,41,32,19862.57592,High
DM-13015,6,30,15626.5318,High
DM-13345,3,27,17054.8905,High
DM-13525,36,19,9640.38168,Mid-High
DM-2955,13,9,2437.407,Mid-Low
DM-3015,3,6,2105.79,Mid-Low
DM-3345,146,6,4998.42,Mid-Low
DM-3525,322,6,2191.266,Mid-Low
DN-13690,20,24,13098.338,Mid-High
DN-3690,13,5,1815.954,Mid-Low
DO-13435,65,32,15280.8855,High
DO-13645,27,25,12083.48092,Mid-High
DO-3435,37,10,3515.73,Mid-Low
DO-3645,42,5,1689.252,Mid-Low
DP-13000,62,31,13882.7624,High
DP-13105,7,25,18930.032199999998,High
DP-13165,8,25,22211.28212,High
DP-13390,1,27,10282.7912,Mid-High
DP-3000,15,10,2093.61,Mid-Low
DP-3105,65,6,6970.715999999999,Mid-High
DP-3165,8,6,1517.952,Low
DP-3390,13,6,1376.1299999999999,Low
DR-12880,4,32,14415.3383,High
DR-12940,28,33,25641.46492,High
DR-2880,5,8,2291.463,Mid-Low
DR-2940,40,8,2288.4,Mid-Low
DS-13030,94,26,11644.2965,Mid-High
DS-13180,15,31,13447.412,High
DS-3030,49,6,1636.512,Low
DS-3180,72,2,185.136,Low
DV-13045,20,24,18106.01292,High
DV-13465,30,20,12910.87688,Mid-High
DV-3045,34,13,4640.319,Mid-Low
DV-3465,14,5,4037.82,Mid-Low
DW-13195,7,26,9689.3171,Mid-High
DW-13480,66,23,16336.8556,High
DW-13540,13,20,13166.414999999999,High
DW-13585,6,37,12143.0436,Mid-High
DW-3195,1064,4,1241.2259999999999,Low
DW-3480,56,12,7118.106000000001,Mid-High
DW-3540,55,4,1216.587,Low
DW-3585,29,4,461.87399999999997,Low
Dl-13600,6,20,11912.7634,Mid-High
Dl-3600,112,10,2809.056,Mid-Low
Dp-13240,19,28,22225.61032,High
Dp-3240,26,7,609.3,Low
EA-14035,94,31,11387.06772,Mid-High
EA-4035,166,3,131.808,Low
EB-13705,49,30,12382.284099999999,Mid-High
EB-13750,33,20,8489.991,Mid-High
EB-13840,3,25,20188.15894,High
EB-13870,16,19,6850.983700000001,Mid-High
EB-13930,20,18,9533.9519,Mid-High
EB-13975,1,32,13405.6013,High
EB-14110,36,24,13665.4673,High
EB-14170,20,23,6736.4391,Mid-High
EB-3705,399,3,3141.63,Mid-Low
EB-3750,185,6,939.153,Low
EB-3840,44,6,1797.738,Mid-Low
EB-3870,498,5,184.872,Low
EB-3930,8,9,2433.516,Mid-Low
EB-3975,36,9,2713.62,Mid-Low
EB-4110,21,10,2417.757,Mid-Low
EB-4170,55,6,1267.6200000000001,Low
EC-14050,54,19,4430.2361,Mid-Low
EC-4050,163,7,2301.315,Mid-Low
ED-13885,16,31,18018.879,High
ED-3885,57,8,525.474,Low
EG-13900,23,21,16562.35068,High
EG-3900,52,11,6549.951,Mid-High
EH-13765,3,29,20259.916,High
EH-13945,58,27,7832.68602,Mid-High
EH-13990,45,26,8807.0846,Mid-High
EH-14005,3,28,10374.9381,Mid-High
EH-14125,103,31,17408.31362,High
EH-14185,68,29,12800.51382,Mid-High
EH-3765,129,9,1010.382,Low
EH-3945,112,9,2518.74,Mid-Low
EH-3990,34,6,672.489,Low
EH-4005,197,7,2629.674,Mid-Low
EH-4125,23,13,5012.22,Mid-Low
EH-4185,122,8,3577.77,Mid-Low
EJ-13720,50,22,8969.44,Mid-High
EJ-14155,28,23,12324.8446,Mid-High
EJ-3720,157,8,1727.964,Mid-Low
EJ-4155,23,5,2631.99,Mid-Low
EK-13795,45,17,5597.3462,Mid-Low
EK-3795,213,6,1531.083,Low
EL-13735,54,23,10515.862000000001,Mid-High
EL-3735,27,11,3691.392,Mid-Low
EM-13810,79,23,13549.72804,High
EM-13825,56,26,14128.078160000001,High
EM-13960,3,37,25228.52948,High
EM-14065,17,17,12108.30958,Mid-High
EM-14095,9,17,10889.6997,Mid-High
EM-14140,25,30,21507.29126,High
EM-14200,42,23,17087.77766,High
EM-3810,59,6,1032.879,Low
EM-3825,483,6,378.258,Low
EM-3960,195,8,2855.874,Mid-Low
EM-4065,53,9,3213.246,Mid-Low
EM-4095,132,9,2833.56,Mid-Low
EM-4140,94,6,1900.791,Mid-Low
EM-4200,152,4,2585.898,Mid-Low
EN-13780,15,20,6333.9164,Mid-High
EN-3780,206,8,734.856,Low
EP-13915,13,33,16283.35774,High
EP-3915,76,3,487.95000000000005,Low
ER-13855,70,19,13396.0,High
ER-3855,54,7,3736.296,Mid-Low
ES-14020,1,32,12827.272939999999,Mid-High
ES-14080,29,24,16236.0058,High
ES-4020,29,7,1892.778,Mid-Low
ES-4080,146,9,1925.544,Mid-Low
FA-14230,23,29,13535.0628,High
FA-4230,185,6,814.572,Low
FC-14245,43,23,10867.8088,Mid-High
FC-14335,108,23,8770.73964,Mid-High
FC-4245,492,6,1540.6380000000001,Low
FC-4335,111,4,550.95,Low
FG-14260,35,18,9396.5055,Mid-High
FG-4260,111,9,308.211,Low
FH-14275,5,23,13569.566,High
FH-14350,2,20,10654.52882,Mid-High
FH-14365,2,30,27649.32652,High
FH-4275,135,5,113.064,Low
FH-4350,15,3,110.481,Low
FH-4365,167,9,2751.348,Mid-Low
FM-14215,8,31,14353.3978,High
FM-14290,37,30,14382.319220000001,High
FM-14380,146,21,6598.3976999999995,Mid-High
FM-4215,97,6,2935.614,Mid-Low
FM-4290,3,8,2002.71,Mid-Low
FM-4380,2,6,843.54,Low
FO-14305,23,37,15614.2155,High
FO-4305,52,10,2158.446,Mid-Low
FP-14320,24,29,9939.0502,Mid-High
FP-4320,28,5,816.582,Low
FW-14395,64,26,16972.7481,High
FW-4395,1,8,1220.811,Low
GA-14515,23,24,12488.67232,Mid-High
GA-14725,3,24,8817.5455,Mid-High
GA-4515,36,7,1318.389,Low
GA-4725,71,4,1460.796,Low
GB-14530,34,25,11657.753,Mid-High
GB-14575,14,24,10748.99238,Mid-High
GB-4530,114,5,525.9,Low
GB-4575,210,6,1821.912,Mid-Low
GD-14590,6,29,18005.0006,High
GD-4590,353,4,700.692,Low
GG-14650,34,28,12902.96276,Mid-High
GG-4650,104,5,1000.422,Low
GH-14410,21,36,13659.59598,High
GH-14425,19,31,20039.763,High
GH-14485,52,21,14692.6742,High
GH-14665,3,29,12921.45162,Mid-High
GH-4410,298,9,1610.22,Low
GH-4425,22,10,4585.83,Mid-Low
GH-4485,86,4,794.622,Low
GH-4665,2,9,1077.069,Low
GK-14620,13,24,19215.7699,High
GK-4620,101,4,764.601,Low
GM-14440,20,26,15782.46188,High
GM-14455,17,17,10523.649,Mid-High
GM-14500,107,23,6704.18562,Mid-High
GM-14680,2,31,12010.60944,Mid-High
GM-14695,48,19,14564.942000000001,High
GM-4440,2,8,735.216,Low
GM-4455,209,4,488.43,Low
GM-4500,105,5,4298.37,Mid-Low
GM-4680,73,6,1590.402,Low
GM-4695,223,7,791.502,Low
GP-14740,2,25,10793.729,Mid-High
GP-4740,152,8,4610.103,Mid-Low
GR-14560,50,24,8895.05754,Mid-High
GR-4560,154,6,4955.5289999999995,Mid-Low
GT-14635,57,20,19080.34784,High
GT-14710,9,30,34471.89028,High
GT-14755,35,23,5601.70652,Mid-Low
GT-4635,10,7,1145.01,Low
GT-4710,56,4,1079.0639999999999,Low
GT-4755,1,8,3457.578,Mid-Low
GW-14605,19,25,16239.4915,High
GW-4605,15,8,1830.789,Mid-Low
GZ-14470,8,35,20869.699,High
GZ-14545,77,24,11593.7308,Mid-High
GZ-4470,148,8,3835.626,Mid-Low
GZ-4545,31,6,3698.388,Mid-Low
HA-14905,70,24,15826.81444,High
HA-14920,21,25,9740.3981,Mid-High
HA-4905,14,4,1106.604,Low
HA-4920,91,6,670.674,Low
HD-14785,43,29,16749.140199999998,High
HD-4785,107,7,3325.6079999999997,Mid-Low
HE-14800,7,27,9902.49522,Mid-High
HE-4800,37,8,1091.3220000000001,Low
HF-14995,15,28,9712.8699,Mid-High
HF-4995,391,8,2099.973,Mid-Low
HG-14845,13,30,21228.55452,High
HG-14965,24,34,16810.6866,High
HG-15025,7,29,14737.8066,High
HG-4845,142,9,2987.898,Mid-Low
HG-4965,100,5,354.588,Low
HG-5025,24,7,1476.612,Low
HH-15010,55,24,13731.73782,High
HH-5010,197,3,1497.57,Low
HJ-14875,6,32,14312.7962,High
HJ-4875,311,6,1121.22,Low
HK-14890,44,27,13886.4431,High
HK-4890,57,6,1656.966,Low
HL-15040,31,20,29664.23058,High
HL-5040,189,4,579.336,Low
HM-14860,2,37,27434.1676,High
HM-14980,26,29,12718.7916,Mid-High
HM-4860,35,4,1042.77,Low
HM-4980,465,5,4409.298,Mid-Low
HP-14815,31,24,7321.4395,Mid-High
HP-4815,64,5,1196.682,Low
HR-14770,14,18,11126.929,Mid-High
HR-14830,52,21,9637.15436,Mid-High
HR-4770,188,8,4550.322,Mid-Low
HR-4830,149,3,391.93800000000005,Low
HW-14935,35,28,17199.202,High
HW-4935,57,7,1174.824,Low
HZ-14950,36,22,9656.4048,Mid-High
HZ-4950,209,6,2830.4159999999997,Mid-Low
IG-15085,14,25,10383.13098,Mid-High
IG-5085,2,12,5766.243,Mid-Low
IL-15100,117,25,11802.69376,Mid-High
IL-5100,164,7,1052.808,Low
IM-15055,16,15,5154.83976,Mid-Low
IM-15070,41,27,17854.10112,High
IM-5055,20,7,4324.95,Mid-Low
IM-5070,51,7,2064.066,Mid-Low
JA-15970,1,25,17105.4707,High
JA-5970,1,7,1057.227,Low
JB-15400,8,34,13085.5039,Mid-High
JB-15925,10,19,12325.28696,Mid-High
JB-16000,2,32,22127.18112,High
JB-16045,1,24,13851.27568,High
JB-5400,83,7,2172.0299999999997,Mid-Low
JB-5925,23,8,1012.092,Low
JB-6000,175,7,1881.006,Mid-Low
JB-6045,29,10,3235.656,Mid-Low
JC-15340,35,29,17836.2846,High
JC-15385,9,25,12978.930919999999,Mid-High
JC-15775,2,25,10582.78504,Mid-High
JC-16105,58,28,11079.10488,Mid-High
JC-5340,143,6,606.105,Low
JC-5385,16,9,3183.0750000000003,Mid-Low
JC-5775,14,5,1712.487,Mid-Low
JC-6105,103,6,3914.94,Mid-Low
JD-15790,16,24,10267.74976,Mid-High
JD-15895,7,32,16711.32422,High
JD-16015,49,24,8690.6293,Mid-High
JD-16060,66,19,7683.04096,Mid-High
JD-16150,1,28,18281.84948,High
JD-5790,300,5,1323.072,Low
JD-5895,3,6,2770.4339999999997,Mid-Low
JD-6015,43,8,2652.7799999999997,Mid-Low
JD-6060,141,9,3541.44,Mid-Low
JD-6150,22,6,5329.7699999999995,Mid-Low
JE-15475,36,22,5905.076,Mid-Low
JE-15610,43,26,13192.6924,High
JE-15715,10,36,22275.2689,High
JE-15745,33,35,19629.12896,High
JE-16165,21,20,8352.71836,Mid-High
JE-5475,28,8,914.178,Low
JE-5610,176,6,756.855,Low
JE-5715,87,7,180.29999999999998,Low
JE-5745,195,7,2275.5,Mid-Low
JE-6165,37,8,4555.716,Mid-Low
JF-15190,7,28,17064.7075,High
JF-15295,57,24,20382.2503,High
JF-15355,14,22,7343.566,Mid-High
JF-15415,3,23,14717.46588,High
JF-15490,5,30,9234.53286,Mid-High
JF-15565,2,29,19844.14866,High
JF-5190,150,8,3510.1679999999997,Mid-Low
JF-5295,64,8,2433.942,Mid-Low
JF-5355,97,9,3475.7639999999997,Mid-Low
JF-5415,38,11,8227.02,Mid-High
JF-5490,100,7,1487.385,Low
JF-5565,421,6,3776.7000000000003,Mid-Low
JG-15115,69,19,12801.82588,Mid-High
JG-15160,2,32,19963.41,High
JG-15310,3,24,12733.7039,Mid-High
JG-15805,1,37,22015.3862,High
JG-5115,6,9,2907.678,Mid-Low
JG-5160,17,8,1588.116,Low
JG-5310,44,5,836.994,Low
JG-5805,134,3,208.38,Low
JH-15430,6,31,11806.1963,Mid-High
JH-15820,14,31,23586.7205,High
JH-15910,42,32,12532.7177,Mid-High
JH-15985,12,38,18863.4044,High
JH-16180,51,31,18267.0064,High
JH-5430,8,9,883.476,Low
JH-5820,43,7,2359.011,Mid-Low
JH-5910,41,8,4013.994,Mid-Low
JH-5985,53,7,2073.48,Mid-Low
JH-6180,28,9,5651.8949999999995,Mid-Low
JJ-15445,34,19,9696.8474,Mid-High
JJ-15760,3,28,18103.64108,High
JJ-5445,20,6,2490.204,Mid-Low
JJ-5760,269,6,1890.126,Mid-Low
JK-15205,62,24,10917.0012,Mid-High
JK-15325,78,28,17000.84332,High
JK-15370,2,27,10189.51404,Mid-High
JK-15625,2,27,12754.4081,Mid-High
JK-15640,1,26,12637.4495,Mid-High
JK-15730,49,34,20825.892,High
JK-16090,9,33,21918.73684,High
JK-16120,98,26,13134.71664,High
JK-5205,592,5,1617.6,Low
JK-5325,461,3,203.38799999999998,Low
JK-5370,145,6,3211.452,Mid-Low
JK-5625,317,8,4364.763,Mid-Low
JK-5640,174,4,428.43,Low
JK-5730,484,6,5862.87,Mid-Low
JK-6090,13,5,1215.516,Low
JK-6120,141,6,2513.07,Mid-Low
JL-15130,9,28,12908.49914,Mid-High
JL-15175,7,27,13499.87246,High
JL-15235,14,24,18725.38964,High
JL-15505,31,22,8631.695,Mid-High
JL-15835,22,30,22594.043,High
JL-15850,45,22,8497.68,Mid-High
JL-5130,198,12,5765.400000000001,Mid-Low
JL-5175,125,5,1353.09,Low
JL-5235,2,4,1751.712,Mid-Low
JL-5505,342,3,2729.3399999999997,Mid-Low
JL-5835,55,7,3388.275,Mid-Low
JL-5850,698,4,2003.598,Mid-Low
JM-15250,36,24,15594.46182,High
JM-15265,38,29,15036.5537,High
JM-15535,15,20,6942.403,Mid-High
JM-15580,1,24,13295.857,High
JM-15655,9,34,16294.727060000001,High
JM-15865,69,29,20841.946500000002,High
JM-16195,58,25,7825.5646,Mid-High
JM-5250,7,5,2424.201,Mid-Low
JM-5265,121,4,1131.912,Low
JM-5535,244,5,847.827,Low
JM-5580,50,5,880.3230000000001,Low
JM-5655,123,8,3602.67,Mid-Low
JM-5865,71,6,1544.268,Low
JM-6195,13,8,1200.492,Low
JO-15145,58,23,10440.976,Mid-High
JO-15280,15,21,7123.5651,Mid-High
JO-15550,72,19,4002.8940000000002,Mid-Low
JO-5145,6,6,2904.714,Mid-Low
JO-5280,20,4,1694.8500000000001,Mid-Low
JO-5550,13,9,4203.78,Mid-Low
JP-15460,37,26,10916.36982,Mid-High
JP-15520,9,26,16429.04996,High
JP-16135,44,34,10163.5086,Mid-High
JP-5460,189,10,3294.018,Mid-Low
JP-5520,113,4,2227.524,Mid-Low
JP-6135,27,8,4432.650000000001,Mid-Low
JR-15670,13,20,13338.0916,High
JR-15700,8,18,9568.31976,Mid-High
JR-16210,19,21,12589.959,Mid-High
JR-5670,129,6,2585.034,Mid-Low
JR-5700,14,6,1673.163,Low
JR-6210,38,6,1033.29,Low
JS-15595,6,18,9334.6385,Mid-High
JS-15685,41,26,14338.5195,High
JS-15880,12,20,10443.1001,Mid-High
JS-15940,6,15,3874.766,Mid-Low
JS-16030,22,32,19218.81298,High
JS-5595,680,6,806.691,Low
JS-5685,143,5,1944.06,Mid-Low
JS-5880,209,6,1745.997,Mid-Low
JS-5940,24,13,2927.3399999999997,Mid-Low
JS-6030,219,4,1573.038,Low
JW-15220,13,34,23103.7263,High
JW-15955,6,30,10640.8287,Mid-High
JW-16075,2,25,19852.773,High
JW-5220,101,6,7184.724,Mid-High
JW-5955,107,2,307.8,Low
JW-6075,267,4,747.21,Low
KA-16525,17,35,17449.90012,High
KA-6525,94,7,1429.884,Low
KB-16240,5,27,9900.698,Mid-High
KB-16315,3,29,14542.76228,High
KB-16405,20,28,13786.0925,High
KB-16585,94,27,16385.749499999998,High
KB-16600,2,25,10295.9567,Mid-High
KB-6240,202,7,1945.32,Mid-Low
KB-6315,23,11,2957.715,Mid-Low
KB-6405,388,3,238.548,Low
KB-6585,372,2,216.78000000000003,Low
KB-6600,10,11,1167.738,Low
KC-16255,45,27,9321.9643,Mid-High
KC-16540,42,25,18897.130259999998,High
KC-16675,3,23,13531.28104,High
KC-6255,58,8,1094.358,Low
KC-6540,34,7,505.893,Low
KC-6675,20,3,391.842,Low
KD-16270,37,29,23204.2675,High
KD-16345,42,15,11157.0404,Mid-High
KD-16495,47,36,24996.5031,High
KD-16615,76,24,12348.44362,Mid-High
KD-6270,812,1,813.06,Low
KD-6345,58,6,536.46,Low
KD-6495,399,4,1454.76,Low
KD-6615,187,3,205.98,Low
KE-16420,27,31,12928.68672,Mid-High
KE-6420,252,4,622.452,Low
KF-16285,38,21,15164.8685,High
KF-6285,33,9,3100.152,Mid-Low
KH-16330,17,26,15045.6445,High
KH-16360,2,28,9983.5094,Mid-High
KH-16510,23,26,15340.396,High
KH-16630,9,27,7220.70456,Mid-High
KH-16690,3,39,18158.4601,High
KH-6330,20,13,3371.208,Mid-Low
KH-6360,101,7,2221.365,Mid-Low
KH-6510,16,7,1544.34,Low
KH-6630,327,5,1795.866,Mid-Low
KH-6690,239,7,1696.014,Mid-Low
KL-16555,16,26,12064.3877,Mid-High
KL-16645,48,28,22553.1085,High
KL-6555,176,7,2184.06,Mid-Low
KL-6645,1,5,1576.296,Low
KM-16225,1,18,7754.5516,Mid-High
KM-16375,3,28,16394.46064,High
KM-16660,16,29,10785.2626,Mid-High
KM-16720,29,23,14041.02,High
KM-6225,372,3,891.3629999999999,Low
KM-6375,322,5,2124.699,Mid-Low
KM-6660,31,3,188.544,Low
KM-6720,350,3,2928.654,Mid-Low
KN-16390,20,29,19350.14634,High
KN-16450,38,26,16294.6981,High
KN-16705,99,19,5884.778,Mid-Low
KN-6390,274,3,318.72,Low
KN-6450,94,8,1767.282,Mid-Low
KN-6705,124,5,4830.858,Mid-Low
KS-16300,36,21,5103.36318,Mid-Low
KS-6300,107,4,221.61,Low
KT-16465,44,32,15725.0362,High
KT-16480,28,20,6240.6521,Mid-Low
KT-6465,106,7,1532.124,Low
KT-6480,85,7,2119.74,Mid-Low
KW-16435,27,23,15319.9656,High
KW-16570,23,34,9256.0553,Mid-High
KW-6435,148,4,427.28999999999996,Low
KW-6570,49,6,2577.7200000000003,Mid-Low
LA-16780,14,34,24273.0019,High
LA-6780,2,12,3589.44,Mid-Low
LB-16735,10,29,12686.03922,Mid-High
LB-16795,40,31,24589.87022,High
LB-6735,138,7,1897.95,Mid-Low
LB-6795,57,8,1796.115,Mid-Low
LC-16870,28,21,9859.89236,Mid-High
LC-16885,17,29,17058.8144,High
LC-16930,42,26,11660.69496,Mid-High
LC-16960,3,22,11812.0975,Mid-High
LC-17050,5,23,12933.87382,Mid-High
LC-17140,14,30,13128.24376,Mid-High
LC-6870,24,8,1220.451,Low
LC-6885,210,9,1828.086,Mid-Low
LC-6930,72,9,5080.688999999999,Mid-Low
LC-6960,192,8,2487.402,Mid-Low
LC-7050,7,7,7193.652,Mid-High
LC-7140,17,6,2954.43,Mid-Low
LD-16855,43,30,13361.93258,High
LD-17005,50,27,11461.65464,Mid-High
LD-6855,81,8,2822.706,Mid-Low
LD-7005,44,6,361.686,Low
LE-16810,15,24,10429.2537,Mid-High
LE-6810,64,6,1049.52,Low
LF-17185,23,22,12864.7205,Mid-High
LF-7185,178,5,556.518,Low
LH-16750,13,22,7945.0902,Mid-High
LH-16900,22,29,12098.37728,Mid-High
LH-17020,42,18,8189.785800000001,Mid-High
LH-17155,76,29,14063.4898,High
LH-6750,126,5,745.65,Low
LH-6900,307,3,840.792,Low
LH-7020,59,3,973.212,Low
LH-7155,128,8,3228.75,Mid-Low
LL-16840,27,26,11287.78406,Mid-High
LL-6840,36,9,3649.152,Mid-Low
LM-17065,85,18,9249.383,Mid-High
LM-7065,8,4,6280.47,Mid-High
LO-17170,3,28,11256.3236,Mid-High
LO-7170,5,7,2281.185,Mid-Low
LP-17080,41,24,7631.9895,Mid-High
LP-17095,10,26,15598.1516,High
LP-7080,185,7,1831.338,Mid-Low
LP-7095,1,4,1011.36,Low
LR-16915,27,26,22434.08756,High
LR-17035,46,26,16118.9722,High
LR-6915,685,3,468.654,Low
LR-7035,107,9,2677.98,Mid-Low
LS-16945,28,20,10420.11776,Mid-High
LS-16975,21,22,8646.9157,Mid-High
LS-17200,16,24,15258.74122,High
LS-17230,5,24,10577.17148,Mid-High
LS-17245,35,24,10758.988000000001,Mid-High
LS-6945,7,12,2726.034,Mid-Low
LS-6975,179,5,716.184,Low
LS-7200,384,4,340.656,Low
LS-7230,100,10,1164.348,Low
LS-7245,218,6,953.151,Low
LT-16765,7,30,17253.78294,High
LT-17110,35,26,12986.77316,Mid-High
LT-6765,9,4,1365.33,Low
LT-7110,56,6,8234.994,Mid-High
LW-16825,23,20,9990.855239999999,Mid-High
LW-16990,24,23,9111.8495,Mid-High
LW-17125,42,16,5369.269,Mid-Low
LW-17215,22,24,10529.49144,Mid-High
LW-6825,33,11,881.754,Low
LW-6990,15,11,1869.771,Mid-Low
LW-7125,34,9,2677.341,Mid-Low
LW-7215,133,5,1522.014,Low
MA-17560,65,24,10813.79188,Mid-High
MA-17995,43,22,10006.45034,Mid-High
MA-7560,233,4,1628.166,Low
MA-7995,17,11,1928.007,Mid-Low
MB-17305,2,27,16729.34532,High
MB-18085,45,30,14744.230880000001,High
MB-7305,23,8,4874.589,Mid-Low
MB-8085,12,8,1703.508,Mid-Low
MC-17275,45,34,11680.0495,Mid-High
MC-17425,24,30,15055.40518,High
MC-17575,28,33,14281.65306,High
MC-17590,52,25,10118.84168,Mid-High
MC-17605,50,26,13019.2019,Mid-High
MC-17635,6,34,21113.5107,High
MC-17845,2,31,14947.88402,High
MC-18100,42,33,11353.7466,Mid-High
MC-18130,52,23,8532.703,Mid-High
MC-7275,236,5,4301.043,Mid-Low
MC-7425,36,5,1489.851,Low
MC-7575,10,8,3619.188,Mid-Low
MC-7590,337,3,1554.06,Low
MC-7605,196,2,208.41,Low
MC-7635,665,4,695.286,Low
MC-7845,35,4,991.728,Low
MC-8100,105,3,659.34,Low
MC-8130,288,5,826.35,Low
MD-17350,27,30,16455.32732,High
MD-17860,37,28,15575.64874,High
MD-7350,83,6,1374.198,Low
MD-7860,104,5,6853.512,Mid-High
ME-17320,6,30,24527.029,High
ME-17725,29,28,7839.8866,Mid-High
ME-18010,43,27,10547.63192,Mid-High
ME-7320,21,10,1720.1879999999999,Mid-Low
ME-7725,12,11,2083.875,Mid-Low
ME-8010,393,1,160.5,Low
MF-17665,52,29,13366.53134,High
MF-18250,8,32,20425.299600000002,High
MF-7665,49,3,161.91,Low
MF-8250,63,6,1517.5500000000002,Low
MG-17650,20,21,12717.26968,Mid-High
MG-17680,37,28,16061.6441,High
MG-17695,1,25,16221.6268,High
MG-17875,6,33,14452.82062,High
MG-17890,6,29,13162.2489,High
MG-18145,3,24,18147.9582,High
MG-18205,3,29,16362.8956,High
MG-7650,496,1,301.71,Low
MG-7680,75,9,4298.478,Mid-Low
MG-7695,336,7,2104.596,Mid-Low
MG-7875,404,1,80.19,Low
MG-7890,374,1,19.128,Low
MG-8145,282,3,5229.1140000000005,Mid-Low
MG-8205,2,7,1648.944,Low
MH-17290,38,25,13718.69666,High
MH-17440,9,25,7945.0458,Mid-High
MH-17455,55,27,9974.27472,Mid-High
MH-17620,24,20,11038.31378,Mid-High
MH-17785,1,26,11676.13204,Mid-High
MH-18025,21,19,11753.7025,Mid-High
MH-18115,6,26,12017.105,Mid-High
MH-7290,738,3,1685.34,Mid-Low
MH-7440,97,8,3357.7799999999997,Mid-Low
MH-7455,93,10,4747.371,Mid-Low
MH-7620,246,7,1179.666,Low
MH-7785,8,9,1914.834,Mid-Low
MH-8025,15,9,1095.426,Low
MH-8115,59,7,1260.702,Low
MJ-17740,22,26,15347.655,High
MJ-7740,160,4,1136.898,Low
MK-17905,22,31,13202.4489,High
MK-18160,23,20,10043.3188,Mid-High
MK-7905,150,11,1244.955,Low
MK-8160,41,10,2697.066,Mid-Low
ML-17395,1,25,14507.07948,High
ML-17410,34,30,14981.7043,High
ML-17755,2,28,14425.1044,High
ML-18040,8,19,8677.599,Mid-High
ML-18265,101,26,14674.00116,High
ML-7395,133,7,1049.4,Low
ML-7410,170,3,193.134,Low
ML-7755,27,7,1108.5,Low
ML-8040,45,7,1690.896,Mid-Low
ML-8265,9,9,1170.72,Low
MM-17260,5,26,15713.71812,High
MM-17920,8,33,20383.654,High
MM-18055,16,25,11163.587,Mid-High
MM-18280,13,25,7134.304,Mid-High
MM-7260,132,5,5510.358,Mid-Low
MM-7920,29,6,1350.03,Low
MM-8055,34,8,1924.911,Mid-Low
MM-8280,72,10,3586.695,Mid-Low
MN-17935,9,21,12870.93412,Mid-High
MN-7935,31,6,2175.33,Mid-Low
MO-17500,37,24,10314.4082,Mid-High
MO-17800,7,25,13709.1228,High
MO-17950,7,14,4527.392,Mid-Low
MO-7500,282,5,810.8699999999999,Low
MO-7800,15,9,4294.2660000000005,Mid-Low
MO-7950,99,3,933.192,Low
MP-17470,6,28,12928.8028,Mid-High
MP-17965,28,39,17228.4977,High
MP-18175,17,36,22045.252800000002,High
MP-7470,544,2,58.11,Low
MP-7965,197,8,567.093,Low
MP-8175,91,6,2169.174,Mid-Low
MR-17545,98,23,19246.7123,High
MR-7545,101,6,2325.24,Mid-Low
MS-17365,6,34,20317.0067,High
MS-17530,16,25,13335.04236,High
MS-17710,30,26,8500.63026,Mid-High
MS-17770,35,36,17382.93504,High
MS-17830,24,26,11783.3973,Mid-High
MS-17980,27,27,16210.5722,High
MS-7365,112,5,1365.54,Low
MS-7530,52,8,1456.806,Low
MS-7710,64,8,1529.46,Low
MS-7770,99,6,538.56,Low
MS-7830,5,8,4322.904,Mid-Low
MS-7980,7,5,1654.644,Low
MT-17815,50,27,13845.5188,High
MT-18070,128,24,10920.3999,Mid-High
MT-7815,177,6,1500.588,Low
MT-8070,324,7,6851.922,Mid-High
MV-17485,17,27,10563.3673,Mid-High
MV-18190,20,30,15577.035600000001,High
MV-7485,471,5,952.536,Low
MV-8190,8,8,3995.04,Mid-Low
MW-18220,18,28,20592.081299999998,High
MW-18235,17,24,17933.0609,High
MW-8220,45,8,2476.497,Mid-Low
MW-8235,1,6,1070.772,Low
MY-17380,30,28,14724.1472,High
MY-18295,1,29,25570.49418,High
MY-7380,323,4,1745.5739999999998,Mid-Low
MY-8295,44,10,4072.167,Mid-Low
MZ-17335,22,26,14463.9343,High
MZ-17515,24,25,13383.976840000001,High
MZ-7335,113,5,3494.226,Mid-Low
MZ-7515,79,9,3193.161,Mid-Low
NB-18580,453,10,4875.5984,Mid-Low
NB-18655,20,22,9647.2046,Mid-High
NB-8580,429,7,1059.477,Low
NB-8655,111,5,434.616,Low
NC-18340,6,22,13905.34712,High
NC-18415,40,19,9255.794,Mid-High
NC-18535,7,22,11054.378,Mid-High
NC-18625,21,29,16901.51758,High
NC-8340,36,9,2707.962,Mid-Low
NC-8415,107,5,1503.426,Low
NC-8535,139,7,1250.871,Low
NC-8625,462,2,442.32,Low
ND-18370,13,23,10913.15082,Mid-High
ND-18460,6,22,12061.44172,Mid-High
ND-8370,34,6,2790.234,Mid-Low
ND-8460,9,10,2722.98,Mid-Low
NF-18385,8,32,28044.3595,High
NF-18475,7,22,10630.9149,Mid-High
NF-18595,12,22,10535.301519999999,Mid-High
NF-8385,2,11,3736.899,Mid-Low
NF-8475,44,7,2019.006,Mid-Low
NF-8595,513,5,1731.936,Mid-Low
NG-18355,49,21,9262.72936,Mid-High
NG-18430,28,28,18970.41454,High
NG-8355,104,7,2746.47,Mid-Low
NG-8430,19,8,3749.829,Mid-Low
NH-18610,21,22,19181.9263,High
NH-8610,6,6,2121.522,Mid-Low
NK-18490,27,24,11483.193,Mid-High
NK-8490,207,4,2395.35,Mid-Low
NL-18310,26,25,10587.3308,Mid-High
NL-8310,576,2,251.322,Low
NM-18445,31,32,20223.2359,High
NM-18520,20,27,12328.606,Mid-High
NM-8445,34,9,4053.7200000000003,Mid-Low
NM-8520,159,1,1540.53,Low
NP-18325,2,25,11778.491,Mid-High
NP-18670,59,19,12839.01426,Mid-High
NP-18685,15,30,11363.4332,Mid-High
NP-18700,29,27,14036.4335,High
NP-8325,16,8,1336.686,Low
NP-8670,227,6,2871.87,Mid-Low
NP-8685,115,4,4994.849999999999,Mid-Low
NP-8700,38,6,1880.622,Mid-Low
NR-18550,3,26,10993.42058,Mid-High
NR-8550,15,8,1898.481,Mid-Low
NS-18505,7,25,14834.28974,High
NS-18640,37,37,14866.087,High
NS-8505,14,5,962.8530000000001,Low
NS-8640,48,8,1771.437,Mid-Low
NW-18400,173,26,15326.833059999999,High
NW-8400,118,7,7046.736,Mid-High
NZ-18565,86,26,19941.69812,High
NZ-8565,100,4,328.584,Low
ON-18715,48,33,17763.94824,High
ON-8715,460,5,1507.758,Low
OT-18730,34,32,19493.76566,High
OT-8730,243,4,265.05,Low
PA-19060,24,21,6723.23276,Mid-High
PA-9060,178,6,3670.581,Mid-Low
PB-18805,9,19,12075.39774,Mid-High
PB-19105,58,16,8087.781,Mid-High
PB-19150,6,33,7907.2555600000005,Mid-High
PB-19210,9,27,18967.662,High
PB-8805,121,9,2787.672,Mid-Low
PB-9105,1,4,1808.208,Mid-Low
PB-9150,42,10,3478.443,Mid-Low
PB-9210,308,7,5302.197,Mid-Low
PC-18745,3,21,10693.49644,Mid-High
PC-19000,22,18,9474.0653,Mid-High
PC-8745,58,5,1246.56,Low
PC-9000,573,4,1160.43,Low
PF-19120,85,28,27993.04966,High
PF-19165,92,36,16018.8427,High
PF-19225,3,30,11915.1997,Mid-High
PF-9120,84,10,1882.95,Mid-Low
PF-9165,35,7,2007.642,Mid-Low
PF-9225,15,7,1474.272,Low
PG-18820,21,35,14635.9446,High
PG-18895,3,28,13941.6862,High
PG-8820,31,6,1846.56,Mid-Low
PG-8895,300,6,1981.302,Mid-Low
PH-18790,58,19,9435.5663,Mid-High
PH-8790,115,8,1746.8400000000001,Mid-Low
PJ-18835,40,19,13639.502,High
PJ-19015,20,22,9230.87916,Mid-High
PJ-8835,43,6,801.405,Low
PJ-9015,197,8,6612.66,Mid-High
PK-18910,99,16,7282.58156,Mid-High
PK-19075,9,29,17668.910499999998,High
PK-8910,122,4,948.456,Low
PK-9075,495,3,992.784,Low
PL-18925,16,20,14256.7186,High
PL-8925,50,3,759.21,Low
PM-18940,22,23,12893.5944,Mid-High
PM-19135,13,22,9857.6599,Mid-High
PM-8940,56,9,1448.856,Low
PM-9135,302,6,1429.296,Low
PN-18775,16,33,11370.46522,Mid-High
PN-8775,54,5,1522.1100000000001,Low
PO-18850,5,41,25274.4702,High
PO-18865,1,35,21051.0598,High
PO-19180,161,24,16753.1715,High
PO-19195,87,21,10872.01088,Mid-High
PO-8850,128,4,1432.9859999999999,Low
PO-8865,353,6,2973.15,Mid-Low
PO-9180,30,9,1231.068,Low
PO-9195,34,8,8227.356,Mid-High
PP-18955,55,30,21884.1846,High
PP-8955,15,3,359.061,Low
PR-18880,26,29,13243.62082,High
PR-8880,197,5,1085.6399999999999,Low
PS-18760,30,28,15926.5494,High
PS-18970,28,33,18222.40482,High
PS-19045,21,26,29252.3194,High
PS-8760,348,5,1706.202,Mid-Low
PS-8970,125,4,1395.948,Low
PS-9045,62,7,829.356,Low
PT-19090,7,25,8370.783,Mid-High
PT-9090,3,5,4686.03,Mid-Low
PV-18985,9,28,12540.661,Mid-High
PV-8985,145,6,6390.636,Mid-High
PW-19030,8,31,12810.05846,Mid-High
PW-19240,2,24,7186.1398,Mid-High
PW-9030,58,7,1081.002,Low
PW-9240,62,7,1237.53,Low
QJ-19255,26,23,18192.9231,High
QJ-9255,62,5,387.051,Low
RA-19285,6,24,16816.427,High
RA-19885,44,23,15435.49908,High
RA-19915,13,27,20975.19342,High
RA-19945,2,23,11696.0283,Mid-High
RA-9285,255,14,6226.686,Mid-Low
RA-9885,126,8,503.26800000000003,Low
RA-9915,140,2,420.65999999999997,Low
RA-9945,21,9,2044.587,Mid-Low
RB-19330,16,32,18359.76862,High
RB-19360,21,25,29197.634599999998,High
RB-19435,20,28,11618.07552,Mid-High
RB-19465,1,36,17178.4394,High
RB-19570,21,25,10961.631,Mid-High
RB-19645,151,22,5973.5944,Mid-Low
RB-19705,17,16,9288.0836,Mid-High
RB-19795,33,35,19056.88134,High
RB-9330,113,8,4538.256,Mid-Low
RB-9360,94,4,404.508,Low
RB-9435,217,6,3179.154,Mid-Low
RB-9465,288,3,3675.2400000000002,Mid-Low
RB-9570,447,5,586.761,Low
RB-9645,240,3,282.594,Low
RB-9705,150,12,6018.072,Mid-Low
RB-9795,31,5,255.288,Low
RC-19825,119,25,7916.6733,Mid-High
RC-19960,23,22,7897.8691,Mid-High
RC-9825,742,1,37.44,Low
RC-9960,113,5,1639.965,Low
RD-19480,1,27,16487.1909,High
RD-19585,26,31,16315.107899999999,High
RD-19660,94,21,12947.9651,Mid-High
RD-19720,22,30,10902.5255,Mid-High
RD-19810,15,30,7091.09996,Mid-High
RD-19900,33,29,13485.748,High
RD-19930,43,22,9293.58832,Mid-High
RD-9480,48,6,1061.73,Low
RD-9585,36,7,5168.4,Mid-Low
RD-9660,28,9,3391.788,Mid-Low
RD-9720,59,8,3833.712,Mid-Low
RD-9810,54,7,3214.788,Mid-Low
RD-9900,93,10,4837.2210000000005,Mid-Low
RD-9930,29,11,6523.392,Mid-High
RE-19405,29,21,12073.09218,Mid-High
RE-19450,24,18,10660.48524,Mid-High
RE-9405,72,6,1967.403,Mid-Low
RE-9450,16,12,5678.7029999999995,Mid-Low
RF-19345,65,27,13391.2718,High
RF-19735,2,23,12139.0877,Mid-High
RF-19840,7,31,15077.47568,High
RF-9345,7,5,3208.026,Mid-Low
RF-9735,119,3,950.13,Low
RF-9840,139,6,571.722,Low
RH-19495,25,28,13295.7486,High
RH-19510,21,25,11599.392960000001,Mid-High
RH-19555,8,21,8944.311,Mid-High
RH-19600,7,21,4629.69556,Mid-Low
RH-9495,97,3,3057.21,Mid-Low
RH-9510,701,7,1837.788,Mid-Low
RH-9555,27,8,8753.469,Mid-High
RH-9600,174,8,3340.4700000000003,Mid-Low
RK-19300,86,26,13480.92458,High
RK-9300,29,4,519.12,Low
RL-19615,121,23,14866.82448,High
RL-9615,266,8,2420.226,Mid-Low
RM-19375,19,25,16077.68112,High
RM-19675,5,19,11151.9605,Mid-High
RM-19750,17,19,6475.01086,Mid-High
RM-9375,10,7,2239.446,Mid-Low
RM-9675,37,8,1715.094,Mid-Low
RM-9750,41,7,929.175,Low
RO-19780,36,29,18833.4355,High
RO-9780,5,9,3080.1059999999998,Mid-Low
RP-19270,8,26,13725.5769,High
RP-19390,16,34,16114.907500000001,High
RP-19855,22,27,11043.0844,Mid-High
RP-9270,287,6,1274.352,Low
RP-9390,271,7,5935.98,Mid-Low
RP-9855,401,6,3569.139,Mid-Low
RR-19315,20,21,11765.04038,Mid-High
RR-19525,1,27,15009.2866,High
RR-9315,233,4,1820.85,Mid-Low
RR-9525,90,7,1376.91,Low
RS-19420,77,28,14047.14948,High
RS-19765,37,25,13582.12128,High
RS-19870,20,20,7090.9567799999995,Mid-High
RS-9420,34,7,385.44,Low
RS-9765,124,6,1524.1499999999999,Low
RS-9870,21,8,1031.436,Low
RW-19540,43,25,19423.6885,High
RW-19630,78,26,9425.9243,Mid-High
RW-19690,16,25,11200.142,Mid-High
RW-9540,27,7,5698.434,Mid-Low
RW-9630,400,2,560.01,Low
RW-9690,99,8,1398.996,Low
SA-10830,11,10,872.676,Low
SA-20830,64,30,15622.37866,High
SB-10170,27,5,1647.24,Low
SB-10185,79,7,1268.436,Low
SB-10290,192,5,1975.404,Mid-Low
SB-20170,3,15,12950.934,Mid-High
SB-20185,75,31,21034.46172,High
SB-20290,42,22,18538.5328,High
SC-10020,265,4,476.334,Low
SC-10050,43,7,2311.8540000000003,Mid-Low
SC-10095,226,7,918.522,Low
SC-10230,195,3,1793.907,Mid-Low
SC-10260,142,7,3166.518,Mid-Low
SC-10305,17,7,3207.18,Mid-Low
SC-10380,276,4,1556.16,Low
SC-10440,93,4,1929.081,Mid-Low
SC-10575,374,2,328.02,Low
SC-10680,190,4,6344.79,Mid-High
SC-10695,175,4,1468.8990000000001,Low
SC-10725,92,7,2944.494,Mid-Low
SC-10770,185,7,2033.208,Mid-Low
SC-10800,360,2,89.286,Low
SC-10845,54,4,1368.1200000000001,Low
SC-20020,9,34,10579.47,Mid-High
SC-20050,41,30,16813.21902,High
SC-20095,76,28,25602.61,High
SC-20230,17,25,20333.868,High
SC-20260,1,26,9366.1924,Mid-High
SC-20305,30,26,17696.722,High
SC-20380,31,37,16122.72424,High
SC-20440,10,25,7677.43526,Mid-High
SC-20575,28,33,9685.4243,Mid-High
SC-20680,22,31,13477.05528,High
SC-20695,10,35,21931.0435,High
SC-20725,8,30,13975.42408,High
SC-20770,41,32,14495.11408,High
SC-20800,31,24,11321.2786,Mid-High
SC-20845,9,24,9898.62502,Mid-High
SD-10485,41,8,1157.3429999999998,Low
SD-20485,16,32,16802.0649,High
SE-10110,79,3,613.71,Low
SE-20110,10,36,29532.62502,High
SF-10065,230,8,3861.429,Mid-Low
SF-10200,142,8,2633.3160000000003,Mid-Low
SF-10965,181,6,2476.302,Mid-Low
SF-20065,59,21,7395.746,Mid-High
SF-20200,6,28,13019.6294,Mid-High
SF-20965,49,17,6777.6808,Mid-High
SG-10080,370,6,1078.728,Low
SG-10470,129,3,3086.67,Mid-Low
SG-10605,234,6,2816.067,Mid-Low
SG-10890,401,6,1424.778,Low
SG-20080,4,17,10774.5034,Mid-High
SG-20470,91,28,10730.2773,Mid-High
SG-20605,76,32,10128.53856,Mid-High
SG-20890,17,22,11260.30386,Mid-High
SH-10395,64,4,129.03,Low
SH-10635,159,4,658.98,Low
SH-19975,26,29,10893.50994,Mid-High
SH-20395,24,33,12849.17384,Mid-High
SH-20635,31,25,13546.7458,High
SH-9975,65,8,8058.147,Mid-High
SJ-10125,295,9,2961.189,Mid-Low
SJ-10215,57,9,1359.252,Low
SJ-10500,275,3,454.06800000000004,Low
SJ-20125,33,30,10562.092,Mid-High
SJ-20215,29,32,14709.69868,High
SJ-20500,176,26,12930.791,Mid-High
SK-19990,9,19,10932.97152,Mid-High
SK-9990,31,7,2358.858,Mid-Low
SL-10155,167,14,2451.7799999999997,Mid-Low
SL-20155,30,32,14380.691,High
SM-10005,105,8,6262.38,Mid-High
SM-10320,77,7,4045.638,Mid-Low
SM-10905,133,5,1711.992,Mid-Low
SM-10950,105,9,1336.308,Low
SM-20005,148,22,6801.587500000001,Mid-High
SM-20320,22,21,31125.29496,High
SM-20905,38,17,6918.4824,Mid-High
SM-20950,26,29,11552.77814,Mid-High
SN-10560,14,6,1480.104,Low
SN-10710,253,4,702.24,Low
SN-20560,72,25,12738.710000000001,Mid-High
SN-20710,45,24,12703.94056,Mid-High
SO-10335,401,4,831.498,Low
SO-20335,30,27,15534.94692,High
SP-10545,19,4,418.32,Low
SP-10620,140,5,299.568,Low
SP-10650,170,6,770.895,Low
SP-10860,399,2,503.496,Low
SP-10920,108,4,896.391,Low
SP-20545,17,20,6801.1987,Mid-High
SP-20620,6,31,19113.6707,High
SP-20650,21,24,10377.86844,Mid-High
SP-20860,55,26,12994.59246,Mid-High
SP-20920,7,28,28124.21286,High
SR-10425,45,5,281.20799999999997,Low
SR-10740,22,4,2154.12,Mid-Low
SR-20425,9,19,12721.24894,Mid-High
SR-20740,24,33,17220.18,High
SS-10140,30,7,3491.6279999999997,Mid-Low
SS-10410,27,10,2348.46,Mid-Low
SS-10515,675,3,424.53,Low
SS-10590,29,3,940.38,Low
SS-10875,251,4,556.314,Low
SS-20140,16,32,20138.603039999998,High
SS-20410,34,27,15759.48198,High
SS-20515,1,19,7480.62162,Mid-High
SS-20590,6,26,12181.4264,Mid-High
SS-20875,15,21,4772.1508,Mid-Low
ST-10530,96,6,943.26,Low
ST-20530,7,32,14064.01106,High
SU-10665,49,6,3331.134,Mid-Low
SU-20665,5,23,7442.46,Mid-High
SV-10365,184,5,1256.472,Low
SV-10785,22,7,2969.43,Mid-Low
SV-10815,9,9,7728.912,Mid-High
SV-10935,12,3,487.746,Low
SV-20365,88,31,22376.44748,High
SV-20785,23,27,14262.9351,High
SV-20815,35,24,14575.50118,High
SV-20935,1,28,15197.6927,High
SW-10245,23,4,1901.91,Mid-Low
SW-10275,50,5,1480.578,Low
SW-10350,101,9,1244.454,Low
SW-10455,8,9,2205.252,Mid-Low
SW-10755,44,7,2346.906,Mid-Low
SW-20245,13,26,13576.68382,High
SW-20275,22,33,15564.966699999999,High
SW-20350,13,21,6923.24944,Mid-High
SW-20455,8,22,6038.0162,Mid-Low
SW-20755,16,31,23321.579999999998,High
SZ-10035,957,4,1164.15,Low
SZ-20035,14,37,15192.376,High
TA-11385,9,5,4819.95,Mid-Low
TA-21385,19,25,35668.120800000004,High
TB-11055,325,3,2355.138,Mid-Low
TB-11175,217,4,850.326,Low
TB-11190,115,4,1115.3700000000001,Low
TB-11250,2,15,7270.836,Mid-High
TB-11280,157,9,1574.322,Low
TB-11355,15,8,438.162,Low
TB-11400,112,9,3103.323,Mid-Low
TB-11520,19,11,3991.5209999999997,Mid-Low
TB-11595,163,4,752.0699999999999,Low
TB-11625,399,5,1810.752,Mid-Low
TB-21055,36,29,13671.71072,High
TB-21175,40,27,16573.5984,High
TB-21190,50,17,10686.47152,Mid-High
TB-21250,3,28,11830.0907,Mid-High
TB-21280,58,26,10127.01266,Mid-High
TB-21355,55,20,9205.113,Mid-High
TB-21400,26,26,21375.988,High
TB-21520,31,34,16716.76172,High
TB-21595,29,26,8437.989,Mid-High
TB-21625,31,31,13266.1971,High
TC-10980,48,8,3239.064,Mid-Low
TC-11145,13,10,3799.926,Mid-Low
TC-11295,13,5,730.908,Low
TC-11475,205,9,1907.7540000000001,Mid-Low
TC-11535,371,4,2214.9719999999998,Mid-Low
TC-20980,28,28,34218.269,High
TC-21145,12,25,18419.94306,High
TC-21295,28,29,19391.8981,High
TC-21475,2,29,10722.52656,Mid-High
TC-21535,1,30,8888.0601,Mid-High
TD-10995,181,3,780.378,Low
TD-20995,1,25,6924.1875,Mid-High
TG-11310,161,3,714.417,Low
TG-11640,31,9,4906.533,Mid-Low
TG-21310,15,32,12305.231600000001,Mid-High
TG-21640,6,33,13973.7773,High
TH-11100,254,4,1856.19,Mid-Low
TH-11115,120,6,1870.17,Mid-Low
TH-11235,231,10,3901.3469999999998,Mid-Low
TH-11550,390,5,283.83,Low
TH-21100,7,27,13684.8726,High
TH-21115,44,25,13483.62368,High
TH-21235,9,26,12896.252,Mid-High
TH-21550,6,26,12808.9063,Mid-High
TM-11010,243,3,300.666,Low
TM-11490,56,8,2063.022,Mid-Low
TM-21010,65,27,14158.9626,High
TM-21490,41,27,13908.8563,High
TN-11040,55,2,187.35,Low
TN-21040,23,29,9410.26404,Mid-High
TP-11130,140,6,1261.449,Low
TP-11415,642,4,1950.9479999999999,Mid-Low
TP-11565,104,5,857.37,Low
TP-21130,3,37,22697.57728,High
TP-21415,49,22,10926.72382,Mid-High
TP-21565,15,30,12429.8013,Mid-High
TR-11325,169,4,2395.716,Mid-Low
TR-21325,2,22,10033.18706,Mid-High
TS-11085,220,8,1390.68,Low
TS-11160,106,5,1130.07,Low
TS-11205,308,3,641.646,Low
TS-11340,41,5,1631.316,Low
TS-11370,19,10,4573.584,Mid-Low
TS-11430,119,7,5812.08,Mid-Low
TS-11505,288,4,2123.946,Mid-Low
TS-11610,176,5,2011.14,Mid-Low
TS-11655,203,6,452.88,Low
TS-21085,42,19,5395.2094,Mid-Low
TS-21160,9,22,6805.942,Mid-High
TS-21205,27,32,13888.62492,High
TS-21340,9,31,16997.02948,High
TS-21370,37,27,23201.678,High
TS-21430,20,22,9532.9166,Mid-High
TS-21505,12,27,17613.4163,High
TS-21610,21,30,20565.95,High
TS-21655,85,24,9525.457199999999,Mid-High
TT-11070,38,2,1572.33,Low
TT-11220,6,9,1826.4,Mid-Low
TT-11265,95,9,5049.042,Mid-Low
TT-11460,43,8,1649.784,Low
TT-21070,15,31,15673.063900000001,High
TT-21220,38,22,13224.56416,High
TT-21265,2,20,4730.638,Mid-Low
TT-21460,13,32,18432.013460000002,High
TW-11025,20,8,323.109,Low
TW-21025,42,27,13931.8966,High
TZ-11445,369,7,745.14,Low
TZ-11580,49,5,403.014,Low
TZ-21445,9,28,14601.6714,High
TZ-21580,36,19,10455.5278,Mid-High
VB-11745,5,4,783.63,Low
VB-21745,13,21,9961.05,Mid-High
VD-11670,1,9,1230.051,Low
VD-21670,37,21,14754.8714,High
VF-11715,95,4,602.352,Low
VF-21715,14,24,12000.133,Mid-High
VG-11790,148,4,386.172,Low
VG-11805,136,4,1190.22,Low
VG-21790,111,27,9908.6065,Mid-High
VG-21805,3,23,22573.37116,High
VM-11685,14,6,858.978,Low
VM-11835,9,3,1270.4099999999999,Low
VM-21685,33,32,13708.12232,High
VM-21835,112,20,2621.817,Mid-Low
VP-11730,29,4,432.0,Low
VP-11760,237,3,1615.662,Low
VP-21730,31,29,11629.269,Mid-High
VP-21760,76,28,16935.5635,High
VS-11820,23,7,1136.214,Low
VS-21820,139,15,10275.775,Mid-High
VT-11700,31,7,1271.442,Low
VT-21700,8,25,18099.3061,High
VW-11775,8,5,1253.166,Low
VW-21775,7,30,15785.3774,High
WB-11850,115,2,182.532,Low
WB-21850,21,38,16704.6612,High
XP-11865,161,3,1011.798,Low
XP-21865,44,27,11187.1526,Mid-High
YC-11895,100,4,166.299,Low
YC-21895,5,27,19998.0786,High
YS-11880,5,6,1328.832,Low
YS-21880,10,26,18703.606,High
ZC-11910,201,1,7.173,Low
ZC-21910,4,37,28472.81926,High
ZD-11925,4,9,2951.226,Mid-Low
ZD-21925,2,20,9479.3444,Mid-High
